age,avg_trip_duration
92.0,282.5
94.0,298.5
102.0,323.53684210526313
86.0,336.75
123.0,431.3125
80.0,493.42857142857144
82.0,557.3333333333334
81.0,575.5
122.0,689.0
62.0,727.8381351492928
