age,avg_trip_duration
84.0,4123.5
24.0,2698.373243395166
21.0,2059.361010830325
119.0,1420.99
90.0,1298.0
20.0,1271.3225806451612
23.0,1261.079336458709
26.0,1211.014277215943
41.0,1200.851783584517
93.0,1140.5
