gender,avg_trip_duration
"",3825.6816536769234
Female,1102.2859990463828
Male,855.6206422329528
